,speed_kmh,steering,gear
0,156.05621,1.0004345,5.9268463e-05
1,218.44841,-0.7325009,7.053374e-05
2,177.42346,-0.050764002,0.999677
3,38.4092,-0.37005314,0.00017578065
