,speed_kmh,steering,gear
0,210.94469,-0.024568336,-4.094325e-05
1,216.87576,0.020719634,1.0004137
2,40.693546,-0.06817415,-8.093796e-05
3,59.294094,-0.12906784,0.9998261
